id  ,name
1   ,2nd
2   ,Anthes
3   ,Cottonwood
4   ,Kedzie
5   ,Hauk
6   ,Heath
7   ,Arapahoe
8   ,Fieldstone
9   ,Westend
10  ,2nd
11  ,Cherokee
12  ,Clarendon
13  ,Chinook
14  ,Roxbury
15  ,Esch
16  ,Autumn Leaf
17  ,Schiller
18  ,Cascade
19  ,Moose
20  ,Hintze
21  ,Sachtjen
22  ,Old Gate
23  ,Dayton
24  ,Twin Pines
25  ,South
26  ,Scott
27  ,East
28  ,Milwaukee
29  ,Moulton
30  ,Russell
31  ,Pine View
32  ,Utah
33  ,Fuller
34  ,Laurel
35  ,Anniversary
36  ,Walton
37  ,Summit
38  ,Lawn
39  ,Aberg
40  ,Norway Maple
41  ,5th
42  ,Golf View
43  ,Hermina
44  ,Nelson
45  ,Rieder
46  ,Sunnyside
47  ,Parkside
48  ,Chinook
49  ,Ridgeview
50  ,Larry
51  ,Crowley
52  ,Muir
53  ,Basil
54  ,Commercial
55  ,Fallview
56  ,Corscot
57  ,Myrtle
58  ,Moose
59  ,Morningstar
60  ,Butternut
61  ,Burning Wood
62  ,Paget
63  ,Eastlawn
64  ,Bultman
65  ,Westend
66  ,Heath
67  ,Lawn
68  ,Cascade
69  ,Dayton
70  ,Sundown
71  ,Manley
72  ,Buhler
73  ,3rd
74  ,Upham
75  ,Summer Ridge
76  ,Grasskamp
77  ,Pawling
78  ,Jackson
79  ,8th
80  ,Morningstar
81  ,Pine View
82  ,Grim
83  ,Holy Cross
84  ,Meadow Ridge
85  ,Westridge
86  ,Springs
87  ,5th
88  ,Haas
89  ,Waubesa
90  ,Hallows
91  ,Northport
92  ,Coleman
93  ,Farragut
94  ,Prentice
95  ,Bluejay
96  ,Kipling
97  ,Mayfield
98  ,Graceland
99  ,Cordelia
100 ,Reindahl
101 ,Emmet
102 ,Merchant
103 ,Westridge
104 ,Luster
105 ,3rd
106 ,Upham
107 ,Parkside
108 ,Barby
109 ,Eagle Crest
110 ,Lawn
111 ,Jenifer
112 ,Tony
113 ,Larry
114 ,Bayside
115 ,8th
116 ,Wayridge
117 ,Spohn
118 ,Brown
119 ,Independence
120 ,Merrick
121 ,Independence
122 ,Hoard
123 ,Dennis
124 ,Dayton
125 ,Prairieview
126 ,Maple Wood
127 ,Sunbrook
128 ,Delaware
129 ,Superior
130 ,Warrior
131 ,Manufacturers
132 ,Pennsylvania
133 ,Pond
134 ,Elgar
135 ,Laurel
136 ,Golf
137 ,Spenser
138 ,Novick
139 ,Logan
140 ,Village
141 ,Charing Cross
142 ,Sutteridge
143 ,Schurz
144 ,Colorado
145 ,Northview
146 ,La Follette
147 ,Pepper Wood
148 ,Lotheville
149 ,Banding
150 ,Almo
151 ,Ridgeway
152 ,Harbort
153 ,Ludington
154 ,Elmside
155 ,Walton
156 ,Surrey
157 ,Maple Wood
158 ,Alpine
159 ,Prairie Rose
160 ,Barnett
161 ,Walton
162 ,Warner
163 ,Vermont
164 ,Saint Paul
165 ,Ridge Oak
166 ,Montana
167 ,Crowley
168 ,Hermina
169 ,Iowa
170 ,Hovde
171 ,Ridge Oak
172 ,Meadow Ridge
173 ,Grasskamp
174 ,Warbler
175 ,Marcy
176 ,Tennyson
177 ,Pierstorff
178 ,Gina
179 ,Oakridge
180 ,Longview
181 ,Dennis
182 ,Columbus
183 ,Glendale
184 ,Muir
185 ,Dryden
186 ,Summit
187 ,Delaware
188 ,Holmberg
189 ,Corry
190 ,Karstens
191 ,Monument
192 ,Westport
193 ,Dunning
194 ,Northwestern
195 ,Dakota
196 ,Basil
197 ,Florence
198 ,Old Shore
199 ,Golf View
200 ,Vahlen
201 ,Becker
202 ,Cottonwood
203 ,Tennyson
204 ,Blaine
205 ,Pennsylvania
206 ,Gale
207 ,Grayhawk
208 ,Bartillon
209 ,Farmco
210 ,Moland
211 ,Homewood
212 ,Randy
213 ,Sherman
214 ,Judy
215 ,Little Fleur
216 ,Leroy
217 ,Maryland
218 ,Merrick
219 ,American Ash
220 ,Bonner
221 ,Onsgard
222 ,Spenser
223 ,La Follette
224 ,Starling
225 ,Oneill
226 ,Fulton
227 ,Melrose
228 ,Pankratz
229 ,Cardinal
230 ,Springview
231 ,Merrick
232 ,Sherman
233 ,Arizona
234 ,Tennessee
235 ,South
236 ,Lerdahl
237 ,Kropf
238 ,Carberry
239 ,Meadow Ridge
240 ,Vahlen
241 ,Rutledge
242 ,Texas
243 ,Towne
244 ,Carioca
245 ,Thackeray
246 ,Fairview
247 ,North
248 ,Farragut
249 ,Hagan
250 ,Schlimgen
251 ,Magdeline
252 ,Dryden
253 ,Independence
254 ,Fisk
255 ,Esker
256 ,Gulseth
257 ,Holy Cross
258 ,Loomis
259 ,Veith
260 ,Knutson
261 ,Carpenter
262 ,Buena Vista
263 ,Elka
264 ,Blaine
265 ,Shasta
266 ,Bayside
267 ,Homewood
268 ,Hoepker
269 ,Warrior
270 ,Spenser
271 ,Macpherson
272 ,Hollow Ridge
273 ,Northland
274 ,Commercial
275 ,Delaware
276 ,Northridge
277 ,Lillian
278 ,Mcguire
279 ,Everett
280 ,Park Meadow
281 ,Gateway
282 ,Dakota
283 ,Cherokee
284 ,Ridgeway
285 ,Mallory
286 ,Thackeray
287 ,Delaware
288 ,Prairieview
289 ,Buhler
290 ,Banding
291 ,Paget
292 ,Valley Edge
293 ,Sachs
294 ,Springs
295 ,Memorial
296 ,Troy
297 ,Harper
298 ,Milwaukee
299 ,Kropf
300 ,Sundown
301 ,Jay
302 ,Onsgard
303 ,Summit
304 ,Hazelcrest
305 ,Menomonie
306 ,Hanson
307 ,Little Fleur
308 ,Division
309 ,Westend
310 ,Bonner
311 ,Muir
312 ,Walton
313 ,New Castle
314 ,Lighthouse Bay
315 ,8th
316 ,Butternut
317 ,Chinook
318 ,Monica
319 ,Brentwood
320 ,Armistice
321 ,Cordelia
322 ,Stephen
323 ,Forest
324 ,School
325 ,Logan
326 ,Hoffman
327 ,Northport
328 ,Continental
329 ,Lunder
330 ,Rieder
331 ,Southridge
332 ,Goodland
333 ,Burning Wood
334 ,Atwood
335 ,Mendota
336 ,School
337 ,Anderson
338 ,Sheridan
339 ,Trailsway
340 ,Mayfield
341 ,Moose
342 ,Autumn Leaf
343 ,Dahle
344 ,Nova
345 ,Monterey
346 ,Carey
347 ,Mifflin
348 ,Tennessee
349 ,Steensland
350 ,Oakridge
351 ,Burning Wood
352 ,Clyde Gallagher
353 ,Luster
354 ,Heffernan
355 ,School
356 ,Thackeray
357 ,Hudson
358 ,Dwight
359 ,Cottonwood
360 ,Scofield
361 ,Barnett
362 ,Calypso
363 ,Pankratz
364 ,Surrey
365 ,Parkside
366 ,Merry
367 ,Arizona
368 ,Luster
369 ,Kennedy
370 ,Fremont
371 ,Lakewood
372 ,Debra
373 ,Barby
374 ,Dayton
375 ,Village Green
376 ,Meadow Ridge
377 ,Walton
378 ,Evergreen
379 ,Farragut
380 ,Magdeline
381 ,Katie
382 ,Vidon
383 ,Northland
384 ,Becker
385 ,Sunnyside
386 ,Daystar
387 ,Drewry
388 ,Morning
389 ,Sherman
390 ,Rowland
391 ,Eagle Crest
392 ,Bowman
393 ,Hanson
394 ,Clarendon
395 ,Onsgard
396 ,Armistice
397 ,Lighthouse Bay
398 ,Oakridge
399 ,Helena
400 ,Blaine
401 ,Nobel
402 ,Mesta
403 ,Lindbergh
404 ,Lakewood
405 ,Prairieview
406 ,Northridge
407 ,Cordelia
408 ,Jay
409 ,Heffernan
410 ,Hollow Ridge
411 ,Main
412 ,Amoth
413 ,Canary
414 ,Fulton
415 ,Menomonie
416 ,Kensington
417 ,Melvin
418 ,Randy
419 ,Everett
420 ,Surrey
421 ,Tennessee
422 ,Anthes
423 ,Swallow
424 ,Corben
425 ,Talisman
426 ,Buhler
427 ,Goodland
428 ,Badeau
429 ,Marcy
430 ,Kings
431 ,Browning
432 ,Morningstar
433 ,Wayridge
434 ,Johnson
435 ,Macpherson
436 ,Schurz
437 ,Bashford
438 ,Almo
439 ,Burrows
440 ,Continental
441 ,Reindahl
442 ,Coleman
443 ,Muir
444 ,Starling
445 ,Bultman
446 ,Eastlawn
447 ,Waxwing
448 ,Logan
449 ,Sunbrook
450 ,Kennedy
451 ,Crowley
452 ,Summit
453 ,Hoffman
454 ,Stone Corner
455 ,Marcy
456 ,Old Shore
457 ,Elka
458 ,Sommers
459 ,Nevada
460 ,Clarendon
461 ,Delladonna
462 ,Eggendart
463 ,Westridge
464 ,Merchant
465 ,Golden Leaf
466 ,Aberg
467 ,Superior
468 ,Caliangt
469 ,Kipling
470 ,Pearson
471 ,Talisman
472 ,School
473 ,Cardinal
474 ,Nova
475 ,Eliot
476 ,Moland
477 ,Jay
478 ,Morningstar
479 ,Pond
480 ,Graedel
481 ,Troy
482 ,Novick
483 ,Shelley
484 ,Kim
485 ,Florence
486 ,Sommers
487 ,Goodland
488 ,Cody
489 ,Gateway
490 ,Porter
491 ,Vidon
492 ,Bobwhite
493 ,Eastwood
494 ,Lillian
495 ,West
496 ,Golden Leaf
497 ,Manufacturers
498 ,Iowa
499 ,Linden
500 ,Stoughton
501 ,Merry
502 ,Graceland
503 ,Veith
504 ,Bayside
505 ,Northwestern
506 ,Ronald Regan
507 ,Upham
508 ,Service
509 ,Burning Wood
510 ,Roth
511 ,International
512 ,Sunbrook
513 ,Blaine
514 ,Wayridge
515 ,Maple Wood
516 ,Nancy
517 ,Walton
518 ,Lunder
519 ,Chive
520 ,Mockingbird
521 ,Mandrake
522 ,International
523 ,Gateway
524 ,Superior
525 ,Nelson
526 ,Dunning
527 ,Scoville
528 ,Esch
529 ,Bluestem
530 ,Armistice
531 ,Eastlawn
532 ,Bartillon
533 ,Bayside
534 ,Montana
535 ,Columbus
536 ,Memorial
537 ,Kropf
538 ,Farmco
539 ,Cardinal
540 ,Tomscot
541 ,Brown
542 ,Dunning
543 ,Rigney
544 ,Longview
545 ,Fremont
546 ,Larry
547 ,Melody
548 ,Glendale
549 ,Cambridge
550 ,Packers
551 ,Arapahoe
552 ,Ilene
553 ,Union
554 ,Drewry
555 ,Everett
556 ,Mayer
557 ,Dahle
558 ,Village Green
559 ,Longview
560 ,Golf
561 ,Nancy
562 ,Center
563 ,Jenna
564 ,Division
565 ,East
566 ,Westend
567 ,Debra
568 ,Eggendart
569 ,Hoepker
570 ,Talmadge
571 ,Butternut
572 ,Troy
573 ,Raven
574 ,5th
575 ,Crownhardt
576 ,Green Ridge
577 ,Hooker
578 ,Lakeland
579 ,Hanson
580 ,Heath
581 ,Northland
582 ,Eastlawn
583 ,Gerald
584 ,Magdeline
585 ,International
586 ,Mayer
587 ,Menomonie
588 ,Del Sol
589 ,Crowley
590 ,Red Cloud
591 ,Messerschmidt
592 ,Ruskin
593 ,Merchant
594 ,Corry
595 ,Harper
596 ,Petterle
597 ,6th
598 ,Miller
599 ,Talisman
600 ,Kenwood
601 ,Debra
602 ,Bunker Hill
603 ,Bultman
604 ,Dexter
605 ,Kropf
606 ,Monica
607 ,Porter
608 ,Hanover
609 ,Norway Maple
610 ,Westerfield
611 ,Schurz
612 ,Clyde Gallagher
613 ,Merrick
614 ,Darwin
615 ,Ruskin
616 ,Hagan
617 ,Acker
618 ,Kings
619 ,Shopko
620 ,Sutteridge
621 ,Superior
622 ,Express
623 ,Pepper Wood
624 ,Burrows
625 ,Sachs
626 ,4th
627 ,Butterfield
628 ,Granby
629 ,Porter
630 ,Orin
631 ,Hooker
632 ,Morningstar
633 ,Sundown
634 ,Hauk
635 ,Talisman
636 ,Meadow Valley
637 ,Pankratz
638 ,Macpherson
639 ,Carpenter
640 ,Moose
641 ,Rieder
642 ,Quincy
643 ,Armistice
644 ,Lien
645 ,Browning
646 ,Portage
647 ,Eastlawn
648 ,Bonner
649 ,Grasskamp
650 ,Larry
651 ,Hintze
652 ,Summit
653 ,Di Loreto
654 ,5th
655 ,Little Fleur
656 ,Oakridge
657 ,High Crossing
658 ,Arizona
659 ,Glendale
660 ,Harper
661 ,Warrior
662 ,Clemons
663 ,Fordem
664 ,Shopko
665 ,Sutteridge
666 ,Southridge
667 ,Milwaukee
668 ,Westend
669 ,Anzinger
670 ,Hayes
671 ,Donald
672 ,Sunnyside
673 ,Stoughton
674 ,Mallard
675 ,Muir
676 ,David
677 ,Green Ridge
678 ,Caliangt
679 ,Oak
680 ,Fieldstone
681 ,Utah
682 ,Coolidge
683 ,Stang
684 ,Scoville
685 ,Anthes
686 ,Jenna
687 ,Blue Bill Park
688 ,Welch
689 ,Algoma
690 ,Calypso
691 ,Golden Leaf
692 ,Lunder
693 ,Nevada
694 ,Kropf
695 ,Bunker Hill
696 ,Annamark
697 ,Elmside
698 ,Stoughton
699 ,Mosinee
700 ,Anhalt
701 ,Scoville
702 ,Hayes
703 ,Messerschmidt
704 ,Bunting
705 ,Glendale
706 ,Dahle
707 ,Heffernan
708 ,Carey
709 ,Lillian
710 ,Meadow Vale
711 ,Florence
712 ,Becker
713 ,Kennedy
714 ,Stone Corner
715 ,Pine View
716 ,Bashford
717 ,Comanche
718 ,Messerschmidt
719 ,Logan
720 ,Fairfield
721 ,Old Shore
722 ,Troy
723 ,Pierstorff
724 ,Mandrake
725 ,Summit
726 ,Beilfuss
727 ,Messerschmidt
728 ,Westend
729 ,Burrows
730 ,Welch
731 ,Havey
732 ,East
733 ,Village
734 ,Mccormick
735 ,Randy
736 ,Anzinger
737 ,Miller
738 ,Hallows
739 ,Doe Crossing
740 ,Forest Run
741 ,Meadow Vale
742 ,Rieder
743 ,Emmet
744 ,Hovde
745 ,Algoma
746 ,Vernon
747 ,Longview
748 ,Cottonwood
749 ,Blue Bill Park
750 ,Ludington
751 ,Vidon
752 ,Express
753 ,Express
754 ,Oakridge
755 ,Northland
756 ,Forster
757 ,Anzinger
758 ,Northland
759 ,Browning
760 ,Linden
761 ,Meadow Ridge
762 ,Hoepker
763 ,Bellgrove
764 ,Sheridan
765 ,Bluestem
766 ,Kensington
767 ,Columbus
768 ,Dapin
769 ,Cordelia
770 ,American
771 ,Banding
772 ,8th
773 ,Talisman
774 ,Mendota
775 ,Fremont
776 ,South
777 ,Monterey
778 ,Donald
779 ,Cambridge
780 ,Hallows
781 ,High Crossing
782 ,Carpenter
783 ,Rieder
784 ,Pennsylvania
785 ,Leroy
786 ,Sunfield
787 ,Del Sol
788 ,Mendota
789 ,Sauthoff
790 ,Bultman
791 ,Clarendon
792 ,Sutteridge
793 ,Division
794 ,Fulton
795 ,Springs
796 ,Lyons
797 ,Ridgeview
798 ,Bashford
799 ,Daystar
800 ,Ridgeview
801 ,Killdeer
802 ,Northwestern
803 ,Trailsway
804 ,Hazelcrest
805 ,Tony
806 ,Hoffman
807 ,Messerschmidt
808 ,Mifflin
809 ,Bobwhite
810 ,Graceland
811 ,Birchwood
812 ,Susan
813 ,Loeprich
814 ,West
815 ,Dawn
816 ,Golf
817 ,Memorial
818 ,West
819 ,Morrow
820 ,Towne
821 ,Old Gate
822 ,Hanson
823 ,Surrey
824 ,Eagle Crest
825 ,Golf Course
826 ,Algoma
827 ,Main
828 ,Fuller
829 ,Melby
830 ,Bultman
831 ,Barnett
832 ,Stoughton
833 ,Shopko
834 ,Hoffman
835 ,Mandrake
836 ,Transport
837 ,Clarendon
838 ,Mayfield
839 ,Warrior
840 ,Carioca
841 ,Monterey
842 ,Dovetail
843 ,Knutson
844 ,Oneill
845 ,3rd
846 ,Warrior
847 ,Merchant
848 ,West
849 ,Linden
850 ,Ronald Regan
851 ,Talmadge
852 ,Carey
853 ,Grasskamp
854 ,Crowley
855 ,Heath
856 ,Kim
857 ,Messerschmidt
858 ,Hermina
859 ,Nelson
860 ,5th
861 ,Valley Edge
862 ,Nova
863 ,Southridge
864 ,Ruskin
865 ,Kedzie
866 ,Golf View
867 ,Maywood
868 ,American
869 ,Sloan
870 ,Upham
871 ,Comanche
872 ,Twin Pines
873 ,Ronald Regan
874 ,Holy Cross
875 ,Bobwhite
876 ,Eastlawn
877 ,Harper
878 ,Golden Leaf
879 ,Straubel
880 ,Sunnyside
881 ,Browning
882 ,Northport
883 ,Prairieview
884 ,Washington
885 ,Bartelt
886 ,Green Ridge
887 ,Utah
888 ,Bonner
889 ,Cherokee
890 ,Brown
891 ,Hayes
892 ,Cottonwood
893 ,Del Mar
894 ,Anhalt
895 ,Northview
896 ,Hoard
897 ,Shasta
898 ,Veith
899 ,Petterle
900 ,Dwight
901 ,Vera
902 ,Delladonna
903 ,Comanche
904 ,Trailsway
905 ,Sheridan
906 ,Crowley
907 ,Westport
908 ,Summer Ridge
909 ,Division
910 ,Sunbrook
911 ,Grayhawk
912 ,Muir
913 ,Mockingbird
914 ,Arizona
915 ,Delladonna
916 ,Myrtle
917 ,Transport
918 ,Summit
919 ,Aberg
920 ,Moland
921 ,Menomonie
922 ,Spohn
923 ,Debra
924 ,Talmadge
925 ,Morrow
926 ,Meadow Ridge
927 ,Alpine
928 ,Hayes
929 ,Ridgeway
930 ,Havey
931 ,Swallow
932 ,Wayridge
933 ,Marcy
934 ,Holy Cross
935 ,Blue Bill Park
936 ,Maple
937 ,Heath
938 ,Leroy
939 ,Hintze
940 ,Scofield
941 ,Northwestern
942 ,Rusk
943 ,Daystar
944 ,Thompson
945 ,Summer Ridge
946 ,Sunbrook
947 ,Jackson
948 ,Clyde Gallagher
949 ,Bartelt
950 ,Delaware
951 ,Sunbrook
952 ,Karstens
953 ,Pond
954 ,Artisan
955 ,2nd
956 ,Homewood
957 ,Ilene
958 ,Gerald
959 ,Loeprich
960 ,Glacier Hill
961 ,Shopko
962 ,Grover
963 ,Oakridge
964 ,Grover
965 ,Westerfield
966 ,Nobel
967 ,Sutherland
968 ,Fuller
969 ,Ilene
970 ,Delladonna
971 ,Menomonie
972 ,South
973 ,Trailsway
974 ,Oak
975 ,Crownhardt
976 ,Loftsgordon
977 ,Killdeer
978 ,Comanche
979 ,Browning
980 ,Spohn
981 ,Beilfuss
982 ,Fallview
983 ,Pearson
984 ,Westerfield
985 ,Leroy
986 ,Ryan
987 ,Toban
988 ,Bayside
989 ,Knutson
990 ,Darwin
991 ,Packers
992 ,Nova
993 ,Morningstar
994 ,East
995 ,Grasskamp
996 ,Village
997 ,Surrey
998 ,Banding
999 ,Mosinee
1000,Carberry
