person_id,person_first_name,person_last_name         ,person_email                     ,person_gender,person_ip_address,personAddress_uid,personAddress_aid,address_id,address_name
2        ,Trumann          ,Boorn                    ,tboorn1@theguardian.com          ,Male         ,53.204.249.187   ,2                ,3                ,3         ,Cottonwood
4        ,Else             ,Gillice                  ,egillice3@soup.io                ,Female       ,48.124.98.131    ,4                ,6                ,6         ,Heath
6        ,Melantha         ,Hallworth                ,mhallworth5@meetup.com           ,Female       ,198.139.190.248  ,6                ,9                ,9         ,Westend
8        ,Adelbert         ,Paolicchi                ,apaolicchi7@joomla.org           ,Male         ,227.118.63.189   ,8                ,12               ,12        ,Clarendon
10       ,Spencer          ,Deeprose                 ,sdeeprose9@netscape.com          ,Male         ,171.77.100.231   ,10               ,15               ,15        ,Esch
12       ,Waldo            ,Larret                   ,wlarretb@jiathis.com             ,Male         ,102.68.28.227    ,12               ,18               ,18        ,Cascade
14       ,Iggy             ,Boater                   ,iboaterd@1688.com                ,Male         ,155.185.195.237  ,14               ,21               ,21        ,Sachtjen
16       ,Enriqueta        ,Petch                    ,epetchf@cbsnews.com              ,Female       ,51.163.212.41    ,16               ,24               ,24        ,Twin Pines
18       ,Chevalier        ,Tweedell                 ,ctweedellh@columbia.edu          ,Male         ,13.22.57.218     ,18               ,27               ,27        ,East
20       ,Jerrie           ,Justis                   ,jjustisj@creativecommons.org     ,Female       ,53.51.150.250    ,20               ,30               ,30        ,Russell
22       ,Greta            ,Hensmans                 ,ghensmansl@earthlink.net         ,Female       ,140.155.45.41    ,22               ,33               ,33        ,Fuller
24       ,Gretel           ,Chantree                 ,gchantreen@alexa.com             ,Female       ,61.80.97.202     ,24               ,36               ,36        ,Walton
26       ,Pattin           ,Greatbank                ,pgreatbankp@soup.io              ,Male         ,124.88.226.74    ,26               ,39               ,39        ,Aberg
28       ,Cori             ,Brunstan                 ,cbrunstanr@independent.co.uk     ,Male         ,2.113.149.227    ,28               ,42               ,42        ,Golf View
30       ,Norbert          ,Immins                   ,nimminst@toplist.cz              ,Male         ,21.219.34.189    ,30               ,45               ,45        ,Rieder
32       ,Aleen            ,Bamb                     ,abambv@nydailynews.com           ,Female       ,46.78.60.148     ,32               ,48               ,48        ,Chinook
34       ,Pammie           ,Greenier                 ,pgreenierx@wikimedia.org         ,Female       ,232.210.89.80    ,34               ,51               ,51        ,Crowley
36       ,Ursulina         ,Kleeman                  ,ukleemanz@ask.com                ,Female       ,180.32.124.174   ,36               ,54               ,54        ,Commercial
38       ,Cornelia         ,Wheeliker                ,cwheeliker11@mozilla.com         ,Female       ,136.181.184.245  ,38               ,57               ,57        ,Myrtle
40       ,Donavon          ,Filimore                 ,dfilimore13@networksolutions.com ,Male         ,145.140.228.90   ,40               ,60               ,60        ,Butternut
42       ,Garret           ,Tuma                     ,gtuma15@boston.com               ,Male         ,8.142.248.106    ,42               ,63               ,63        ,Eastlawn
44       ,Menard           ,Kitcat                   ,mkitcat17@opensource.org         ,Male         ,122.249.164.83   ,44               ,66               ,66        ,Heath
46       ,Myron            ,Zuanazzi                 ,mzuanazzi19@chronoengine.com     ,Male         ,50.95.163.114    ,46               ,69               ,69        ,Dayton
48       ,Maurise          ,Baudichon                ,mbaudichon1b@uol.com.br          ,Male         ,113.82.192.54    ,48               ,72               ,72        ,Buhler
50       ,Cullen           ,Jobbing                  ,cjobbing1d@tuttocitta.it         ,Male         ,169.32.252.135   ,50               ,75               ,75        ,Summer Ridge
52       ,Winny            ,Brailsford               ,wbrailsford1f@google.com         ,Male         ,30.45.193.121    ,52               ,78               ,78        ,Jackson
54       ,Bernarr          ,Trever                   ,btrever1h@usnews.com             ,Male         ,197.13.197.99    ,54               ,81               ,81        ,Pine View
56       ,Dieter           ,Le Breton De La Vieuville,dlebretondelavieuville1j@bbb.org ,Male         ,140.75.191.82    ,56               ,84               ,84        ,Meadow Ridge
58       ,Nickolai         ,O'Brian                  ,nobrian1l@tiny.cc                ,Male         ,55.11.243.131    ,58               ,87               ,87        ,5th
60       ,Sybilla          ,Shildrake                ,sshildrake1n@skyrock.com         ,Female       ,18.191.238.149   ,60               ,90               ,90        ,Hallows
62       ,Waverly          ,Walley                   ,wwalley1p@smh.com.au             ,Male         ,156.232.5.224    ,62               ,93               ,93        ,Farragut
64       ,Wash             ,Cuskery                  ,wcuskery1r@networksolutions.com  ,Male         ,0.103.226.84     ,64               ,96               ,96        ,Kipling
66       ,Stearn           ,Santon                   ,ssanton1t@rambler.ru             ,Male         ,211.125.170.169  ,66               ,99               ,99        ,Cordelia
68       ,Gabriellia       ,Kirimaa                  ,gkirimaa1v@columbia.edu          ,Female       ,153.114.5.248    ,68               ,102              ,102       ,Merchant
70       ,Viv              ,Ferbrache                ,vferbrache1x@google.com.br       ,Female       ,80.93.2.56       ,70               ,105              ,105       ,3rd
72       ,Corabel          ,Scotti                   ,cscotti1z@ebay.co.uk             ,Female       ,144.120.3.94     ,72               ,108              ,108       ,Barby
74       ,Aubrie           ,Sneezem                  ,asneezem21@sciencedaily.com      ,Female       ,68.14.185.137    ,74               ,111              ,111       ,Jenifer
76       ,Alexi            ,Utterson                 ,autterson23@tinypic.com          ,Female       ,167.111.126.21   ,76               ,114              ,114       ,Bayside
78       ,Ed               ,Esposi                   ,eesposi25@mediafire.com          ,Male         ,208.181.134.39   ,78               ,117              ,117       ,Spohn
80       ,Elmo             ,Slorach                  ,eslorach27@scientificamerican.com,Male         ,107.116.115.175  ,80               ,120              ,120       ,Merrick
82       ,Marline          ,Crowdson                 ,mcrowdson29@elpais.com           ,Female       ,118.91.193.114   ,82               ,123              ,123       ,Dennis
84       ,Kincaid          ,Kondrachenko             ,kkondrachenko2b@ucsd.edu         ,Male         ,203.165.176.55   ,84               ,126              ,126       ,Maple Wood
86       ,Cheri            ,Dryden                   ,cdryden2d@barnesandnoble.com     ,Female       ,210.147.112.105  ,86               ,129              ,129       ,Superior
88       ,Lilian           ,Kleingrub                ,lkleingrub2f@yahoo.co.jp         ,Female       ,232.162.223.59   ,88               ,132              ,132       ,Pennsylvania
90       ,Nevsa            ,Foskew                   ,nfoskew2h@netlog.com             ,Female       ,232.160.162.232  ,90               ,135              ,135       ,Laurel
92       ,Jacynth          ,Vahl                     ,jvahl2j@mozilla.org              ,Female       ,40.214.138.37    ,92               ,138              ,138       ,Novick
94       ,Calley           ,Redolfi                  ,credolfi2l@ftc.gov               ,Female       ,76.111.63.1      ,94               ,141              ,141       ,Charing Cross
96       ,Elsinore         ,Gotter                   ,egotter2n@icq.com                ,Female       ,57.59.211.229    ,96               ,144              ,144       ,Colorado
98       ,Eldon            ,Dullingham               ,edullingham2p@phoca.cz           ,Male         ,180.56.209.71    ,98               ,147              ,147       ,Pepper Wood
