person_first_name,address_name
Spencer          ,Esch
Waldo            ,Cascade
Iggy             ,Sachtjen
Enriqueta        ,Twin Pines
Chevalier        ,East
Trumann          ,Cottonwood
Jerrie           ,Russell
Greta            ,Fuller
Gretel           ,Walton
Pattin           ,Aberg
Cori             ,Golf View
Norbert          ,Rieder
Aleen            ,Chinook
Pammie           ,Crowley
Ursulina         ,Commercial
Cornelia         ,Myrtle
Else             ,Heath
Donavon          ,Butternut
Garret           ,Eastlawn
Menard           ,Heath
Myron            ,Dayton
Maurise          ,Buhler
Cullen           ,Summer Ridge
Winny            ,Jackson
Bernarr          ,Pine View
Dieter           ,Meadow Ridge
Nickolai         ,5th
Melantha         ,Westend
Sybilla          ,Hallows
Waverly          ,Farragut
Wash             ,Kipling
Stearn           ,Cordelia
Gabriellia       ,Merchant
Viv              ,3rd
Corabel          ,Barby
Aubrie           ,Jenifer
Alexi            ,Bayside
Ed               ,Spohn
Adelbert         ,Clarendon
Elmo             ,Merrick
Marline          ,Dennis
Kincaid          ,Maple Wood
Cheri            ,Superior
Lilian           ,Pennsylvania
Nevsa            ,Laurel
Jacynth          ,Novick
Calley           ,Charing Cross
Elsinore         ,Colorado
Eldon            ,Pepper Wood
